{"Age": {"23 to 35 years old": 43.65853658534469, "36 to 45 years old": 44.04597701148345, "45 to 57 years old": 44.66019417475631, "Less than 23 years old": 45.353982300875884, "Over 57 years old": 35.71428571428095}, "Department": {"Finance": 46.00638977633227, "Human Resources": 35.08064516129799, "IT": 33.81294964029952, "Marketing": 42.85714285717428, "Operations": 42.857142857168334, "Sales": 46.2059620596149}, "Role": {"API Engineer": 0.0, "ASIA Pacific Sales Director": 0.0, "Account Executive 1": 45.45454545453421, "Account Executive 2": 46.86648501364414, "Account Executive 3": 46.79715302490925, "Account Executive 4": 46.23655913975484, "Account Executive 5": 45.34005037782443, "Account Manager": 60.0, "Accountant": 45.454545454524244, "Accounts Distribution": 50.000000000013124, "AdWords Expert": 100.0, "Advertising Performance Analyst": 75.0, "Airation Engineering": 23.07692307692051, "Analyst": 0.0, "Analytics Team": 44.680851063842546, "Android Mobile Engineer": 60.000000000019995, "Associate Data Analyst": 46.551724137934485, "Buildings Maintenance": 35.71428571429524, "Buildings Maintenance Engineer": 60.0, "Business Intelligence Engineer": 0.0, "CRM Administrator": 46.280991735490915, "Campaign Manager": 0.0, "Canteen Services": 25.0, "Contract Review Team": 49.999999999983324, "Corporate Intelligence Team": 60.000000000019995, "Creative PR Manager": 0.0, "Cryptography Specialist": 44.9999999999975, "Customer Engagement Specialist": 0.0, "Customer Experience Strategy": 50.00000000001666, "Customer Support Manager": 50.0, "Customer Support Representative": 50.00000000002382, "Customer Training Team": 50.94339622638302, "Customer Training Team Lead": 59.99999999997999, "Data Interrogation Team": 59.99999999997999, "Database Admin": 0.0, "Digital Designer": 0.0, "Digital PR and Moderation Team": 0.0, "Digital Promotions": 54.54545454545455, "Digital Support Team": 54.16666666668473, "Direct Mailing Team": 0.0, "Director of Sales Europe": 0.0, "Diversity Manager": 16.216216216224325, "Employee Relations": 38.46153846152564, "Events Coordinator": 0.0, "Expense Approvals": 48.83720930231395, "Facilities Maintenance": 44.9999999999725, "Forensic Engineer": 27.272727272727273, "Frontend Designer": 50.0, "Frontend Systems": 60.0, "HR Operations": 34.090909090893184, "Head of Digital Advertising": 0.0, "Head of Digital Marketing": 0.0, "Head of Digital Support": 60.000000000019995, "Head of Governance": 0.0, "Head of Inbound Sales": 50.0, "Head of Phone Support": 0.0, "Head of Product Pricing": 0.0, "Head of Sales Ops": 0.0, "Head of Sales Ops APAC": 49.999999999983324, "Head of Sales Ops EMEA": 60.0, "Head of Scandanavian Markets": 50.00000000001666, "Head of Strategic Partnerships": 0.0, "Head of US Sales": 50.0, "IT Administrator": 0.0, "Inbound Lead Manager": 51.1999999999952, "Inbound Opportunity Development": 50.0, "Individual Contributor": 44.150943396210565, "Infrastructure Maintenance": 0.0, "Internal CRM Team": 49.999999999983324, "Internal Communications Team": 50.0, "Internal Hardware Manager": 0.0, "Intranet Development Team": 0.0, "Invoice Manager": 46.55172413790344, "LATAM Sales Director": 0.0, "Lead for Outbound Opportunities": 0.0, "Legacy Systems Engineer": 50.0, "Legal Team": 49.999999999983324, "Legal Team Lead": 0.0, "License Analyst": 60.0, "Localisation Team": 50.0, "Market Price Strategy": 60.0, "Media Coordinator": 50.00000000001666, "Merchandising and Events": 60.000000000019995, "Mobile Applications Engineer": 0.0, "Mobile Design Specialist": 0.0, "Online Insights Manager": 0.0, "Online Payments Engineer": 49.999999999983324, "Operational Intelligence Engineer": 42.000000000018, "Opportunity Development Representative": 48.11320754713962, "Outbound Opportunity Development": 60.000000000019995, "PEN Tester": 12.499999999995834, "PR Consultant": 49.999999999983324, "Partnerships Development": 50.0, "Pay and Benefits": 29.268292682904878, "Payment Systems Engineer": 36.5853658536683, "Payment Systems Specialist": 0.0, "Payroll Manager": 43.636363636389085, "Pricing Analyst": 50.0, "Print Designer": 60.000000000019995, "Real-time systems engineer": 60.0, "Recruitment": 44.999999999995, "Regulatory Compliance Specialist": 49.999999999983324, "Risk and Threat Assessment Engineer": 16.216216216202703, "SEO Specialist": 0.0, "SQL Engineer": 50.0, "Search Performance": 41.37931034482586, "Security Analyst": 36.5853658536683, "Senior Analyst": 42.000000000022, "Senior Software Developer": 60.0, "Senior SysOps Engineer": 60.0, "Server Maintenance Specialist": 50.00000000001666, "Server Room Manager": 50.00000000001666, "Software Engineer": 60.000000000019995, "Software Maintenance": 60.000000000019995, "South Europe Team Lead": 49.999999999991665, "Statistician": 59.99999999997999, "Strategic Account Manager": 39.75903614456024, "Supply Manager": 17.647058823511763, "System Administrator": 0.0, "Systems Architect": 60.0, "Tax and Benefits": 46.55172413793103, "Team Lead for Benelux": 50.0, "Team Lead for DACH": 50.0, "Testing Team": 17.14285714284, "Training and Development": 44.68085106382553, "UI and UX Developer": 0.0, "Web Analytics": 60.000000000019995, "Web Content Curator": 50.0, "Web Content Strategy": 0.0, "Workflow Engineer": 0.0, "e-Commerce Team": 60.0, "iOS Engineer": 59.99999999997999}}